,randomforest,lasso,gradientboosting,nn,superlearner,avg,x,y,actual
0,-0.0004962805556815519,0.0018183739679245292,0.0013268630849179916,-0.22510903989235817,0.0038526109990861084,-0.043721494479222224,-54.425,-10.075000000000005,0.053879648
1,0.03385419511985526,0.0018183739679245292,0.01312988248090373,-0.07711185933965813,-0.0007767691560793561,-0.005817235385410792,-57.27499999999999,-9.475000000000009,-0.012916565
2,0.005194082930043863,0.0018183739679245292,-0.0005443238721053946,-0.10204450587408201,0.0017312196814165503,-0.01876903063336049,-58.425,-7.625,-0.0
3,-0.002414156711283419,0.0018183739679245292,-0.014212698339667392,0.03331891842505147,0.0062434075924759054,0.004950768986900218,-58.725,-1.925000000000012,-0.0
4,-0.00111507624412104,0.0018183739679245292,-0.0009160198065956355,-0.08445675682870865,0.005137384078130074,-0.015906418966674146,-71.175,-6.2250000000000085,-0.0
5,-0.00041195600895606717,0.0018183739679245292,-0.004713736102805083,-0.1470719807437989,0.0019626147227391204,-0.02968333683297928,-47.775000000000006,-0.8250000000000028,0.12575388
6,-0.003208051292560821,0.0018183739679245292,-0.0005808414895957425,-0.11024581550348825,-0.0025689366823599706,-0.02295705420001605,-69.875,-0.1750000000000113,-0.0
