,randomforest,lasso,gradientboosting,nn,superlearner,avg,x,y,actual
0,0.10937102241823539,0.05057513118196154,0.1014395560479415,-0.22502012741901528,0.061994816830376845,0.019672079811900004,-53.27499999999999,-2.375,-0.0
1,0.03570588996444589,0.05057513118196154,-0.2088934476734585,0.08040719954996699,0.06341314530508727,0.004241583665600637,-53.07499999999999,-8.975000000000009,-0.0
2,0.0373620171348395,0.05057513118196154,-0.002128285673367939,0.07416289639167993,0.05487725768281278,0.042969803343585154,-53.27499999999999,-4.825000000000003,-0.00089073181
3,0.0030451468139485616,0.05057513118196154,-0.21959429092575053,-0.11375391871918526,0.07313956088937966,-0.041317674151929204,-66.77499999999999,0.125,-0.0
4,0.015201532002381356,0.05057513118196154,0.00595781931807983,-0.021940580266848572,0.05689757633263556,0.02133829571364194,-56.875,-1.925000000000012,0.0014331341
5,0.06161281937998511,0.05057513118196154,0.01841258134838219,-0.08249221374530467,0.06094680780813433,0.021811025194631697,-67.475,-2.875,-0.0026786327
6,0.04922768854611954,0.05057513118196154,0.011012079547754072,0.14834736529619175,0.06252991643050237,0.06433843620050586,-67.52499999999999,-5.9750000000000085,-0.0
7,0.06437261645280545,0.05057513118196154,0.09357862390876927,0.06329353576511025,0.04736007888799606,0.0638359972393285,-50.125,-2.875,-0.0
8,0.0202498770246768,0.05057513118196154,0.0007261738145662035,-0.17763486242249682,0.050645233426689834,-0.011087689394920488,-50.32499999999999,-9.525000000000006,-0.010504961
