,randomforest,lasso,gradientboosting,nn,superlearner,avg,x,y,actual
0,0.034768624867484214,0.004757691446,-0.010293877394027444,0.007838195315792384,0.0035575090856589603,0.008125628664181624,-56.625,-0.1750000000000113,-0.0
1,0.0035997024254285004,0.004757691446,-0.00632369984057895,-0.1595867112778596,0.004512958509903244,-0.03060801174742136,-63.57499999999999,-3.125,-0.0
2,0.0010502974401990746,0.004757691446,-0.004174391319483099,0.026565285578828313,0.004283985033880201,0.006496573635884897,-51.625,1.8249999999999889,-0.0
3,0.006587251059409163,0.004757691446,0.001881897239023517,0.33899004220660156,0.004851952349612924,0.07141376686012943,-49.125,-2.9750000000000085,0.018293619
4,0.04201023985705773,0.004757691446,0.041651085669667916,-0.03407404063023148,0.0046379455053698285,0.011796584369572798,-49.42499999999998,-7.975000000000008,-0.0
5,0.002296231335840515,0.004757691446,0.010736962429208635,-0.03855485482979981,0.005001824686791492,-0.0031524289863918338,-68.32499999999999,-8.525000000000006,-0.0
6,0.029725542326224097,0.004757691446,0.016887946001515962,-0.03174057362828411,0.004474700826877139,0.004821061394466617,-53.27499999999999,-1.5750000000000028,-0.01248312
7,-0.000316150430210848,0.004757691446,-0.018013559074678526,-0.4113197499002669,0.004401268079532711,-0.0840980999759247,-50.32499999999999,-10.175000000000011,-0.0
