,randomforest,lasso,gradientboosting,nn,superlearner,avg,x,y,actual
0,0.10842636663962534,0.013638076999473683,0.11678091934508715,0.015361812758496254,0.015530382483163265,0.05394751164516913,-64.375,-1.125,-0.0
1,0.05605032475918955,0.013638076999473683,0.011903763745716164,-0.007954331298262562,0.015059974050134406,0.017739561651250246,-63.475,-1.0250000000000057,-0.026524067
2,0.05546830163463931,0.013638076999473683,0.016454450891107114,0.06857611840287571,0.014737197543608917,0.033774829094340944,-57.375,-7.225000000000008,-0.0
3,0.003445375262408144,0.013638076999473683,-0.03078972920870644,-0.11743377261492799,0.012690518858771534,-0.023689906140596212,-55.925,-4.275000000000006,-0.010975003
