,randomforest,lasso,gradientboosting,nn,superlearner,avg,x,y,actual
0,0.03275048496629584,0.026153878420185187,-0.002833352568270291,-0.052454173714055294,0.029491003254079225,0.0066215680716469345,-52.77499999999999,-5.425000000000011,0.00089001656
1,0.032794012423691704,0.026153878420185187,-0.004784432311265627,-0.05165003515460127,0.029394115986089073,0.006381507872819811,-55.225,-6.375,-0.0
2,0.0013522217095466923,0.026153878420185187,-0.00040994574407201103,0.04243618230699327,0.028304071717697082,0.01956728168207004,-49.775000000000006,-9.275000000000006,-0.0
3,0.09777707578039371,0.026153878420185187,0.3442298724349761,-0.20812092303064933,0.02546746436141947,0.05710147359326503,-57.725,-0.4750000000000085,-0.0
4,0.006919104147970223,0.026153878420185187,-0.0029657941353914484,-0.18435798794001773,0.027151049091243915,-0.02541995008320197,-52.375,-9.825000000000005,-0.0068871975
5,0.0965058399543321,0.026153878420185187,0.010386105863383245,0.05599017185461931,0.0244804400939426,0.042703287237292484,-59.175,0.9249999999999972,-0.0
6,0.010223867200860146,0.026153878420185187,0.0315673285629476,0.07441684439541478,0.026080862739526367,0.03368855626378682,-71.425,-5.125,-0.0
