,randomforest,lasso,gradientboosting,nn,superlearner,avg,x,y,actual
0,-0.003180518116762317,0.0009930170887931032,-0.011163811094319454,0.04058671690408004,0.0015386198728707828,0.0057548049309324315,-54.875,-6.175000000000011,-0.0
1,-0.00289742900711592,0.0009930170887931032,-0.006914147865449135,0.05268437118911019,0.0014953952267040252,0.009072241326408454,-55.02499999999999,-4.675000000000011,0.0035607815
2,0.0017398326652989383,0.0009930170887931032,0.017951865894199955,-0.8503061802984192,0.0002563976427221934,-0.165873013401481,-55.82499999999999,-1.4750000000000083,-0.014456749
3,-0.0016804780640085535,0.0009930170887931032,-0.007001383601474906,-0.8473473247272115,0.0005222972914114147,-0.1709027744024981,-56.425,-0.2750000000000057,-0.0
4,0.0010067415312799992,0.0009930170887931032,0.0005159829271900605,-0.015090528490128513,0.001701046151734489,-0.002174748158226172,-60.475,-7.525000000000006,0.0097513199
5,0.05918787019140967,0.0009930170887931032,0.009615497308736362,-0.1063314051335787,0.0015346905974228469,-0.007000065989443342,-56.725,-3.9250000000000114,-0.0
6,-0.001493302754503379,0.0009930170887931032,-0.008706907802948175,-0.011038693410385561,0.001846009552998309,-0.0036799754652091406,-55.82499999999999,-2.575000000000003,-0.0
