,randomforest,lasso,gradientboosting,nn,superlearner,avg,x,y,actual
0,0.09020520036576349,0.06308711659306122,-0.25991849722439875,0.5026808992364611,0.0608797281152267,0.09138688941722276,-48.67499999999998,-10.375,-0.019206166
1,0.07035743912029484,0.06308711659306122,0.17631234631906664,-0.034861613486150134,0.0364331264478142,0.06226568299881735,-51.32499999999999,1.8249999999999889,-0.0
2,0.0007081135944987478,0.06308711659306122,0.04535646802285966,-0.4434427093819274,0.09767054419783462,-0.04732409339473463,-65.225,-6.375,0.00040078163
3,0.0015695972707912094,0.06308711659306122,-0.3166758066154971,-0.6120942270827561,0.03121012373683392,-0.16658063921951335,-72.225,-6.025000000000006,-0.0
4,0.0021282646650492725,0.06308711659306122,-0.31733125873319595,-0.021668202737374062,0.03572202798214018,-0.04761241044606387,-70.475,-4.425000000000011,-0.0
5,0.05818536338217099,0.06308711659306122,-0.007104976290678125,-0.3953187373601056,0.03673090984291098,-0.0488840647665281,-61.27499999999999,-3.6750000000000114,0.069307089
6,0.058604669145747385,0.06308711659306122,-0.31916340985429953,-0.40629741239306094,0.02658631539178799,-0.11543654422335277,-72.77499999999999,-6.425000000000011,-0.0
